{"TT": 0.052274949, "TC": 0.057604983, "TA": 0.033121294, "TG": 0.077302981, "CT": 0.069296958, "CC": 0.074256593, "CA": 0.081057105, "CG": 0.028595865, "AT": 0.053997369, "AC": 0.055696006, "AA": 0.076767086, "AG": 0.082608967, "GT": 0.045243214, "GC": 0.065649101, "GA": 0.077614067, "GG": 0.068913461}