{"TT": 0.048304626, "TC": 0.059637903, "TA": 0.031019139, "TG": 0.077646184, "CT": 0.072066275, "CC": 0.075666352, "CA": 0.083027995, "CG": 0.028795257, "AT": 0.05015457, "AC": 0.057572266, "AA": 0.070404486, "AG": 0.085289975, "GT": 0.046573172, "GC": 0.06667947, "GA": 0.078478168, "GG": 0.068684162}